change_id,date_utc,area,resource,intervention,source_commit,source_verified,deployed_version_verified,measured_outcome,limitations,next_test
SITE-001,2026-10-09,SEO-technical,src/layouts/Base.astro,Added page-specific WebPage schema alongside WebSite schema,c8b64bc43e1eb183b64ae731e569576ea70e560e,yes,no,NOT_MEASURED,GitHub source only; no verified live deployment,Compile Astro then inspect generated JSON-LD and canonical
SITE-002,2026-10-09,AEO-method,src/pages/research.astro,Explicitly documented portfolio-as-search-case-study stages,2fd1e4f19a830d54ffa4315491fea863320a7e48,yes,no,NOT_MEASURED,Method explained; no resulting rankings or citations,Inspect readability and source-literal links after rendering
SITE-003,2026-10-09,portfolio-proof,src/pages/projects/hr-attrition-evidence.astro,Linked actual HR Excel evidence workbook and revised status,4d9ec5eaca0d25ae4507871f07f9732b453759b9,yes,no,NOT_MEASURED,Excel app QA and page deploy remain pending,Verify downloadable file in browser after deployment
SITE-004,2026-10-09,portfolio-proof,src/pages/projects.astro,Updated HR workbook status to created with QA pending,aeebbfd7201f09450f89516f3f9ab4225f61cbb6,yes,no,NOT_MEASURED,Source only; completion not established,Verify card layout in rendered page
SITE-005,2026-10-09,SEO-entity,src/layouts/Base.astro,Added verifiable Person schema and author references to WebPage/WebSite JSON-LD,c14babfc7cf997513d61780c37f8d4e7f301af78,yes,no,NOT_MEASURED,Identity limited to already public GitHub profile; source only,Verify rendered JSON-LD graph and search indexing after deployment
SITE-006,2026-10-09,portfolio-proof,src/pages/projects/ai-search-competitive-intelligence.astro,Linked tested 35-prompt AI scoring and validation evidence,5d454bd4655e10065512fd52f1c6330140370e65,yes,no,NOT_MEASURED,15 unit tests passed locally; no actual AI observations,Check rendered references and accessibility
SITE-007,2026-10-09,portfolio-proof,src/pages/projects/hr-attrition-evidence.astro,Linked privacy-minimal 28-row HR source table and 9 tested aggregation scenarios,921e8cb3680a2d21278653cf19b99cd2801eeb53,yes,no,NOT_MEASURED,XLSX generation and Excel compatibility still pending,Verify full portfolio page and GitHub source links
SITE-008,2026-10-09,portfolio-proof,src/pages/projects/insurance-claims-evidence.astro,Linked raw-source KPI spot check and eight passing Python regression tests,54da5fd71edbdf527c8699989a792388b54024f4,yes,no,NOT_MEASURED,Original raw insurance CSV provenance and potential identifier data still under review,Verify external proof links and owner-approved data provenance before public amplification
SITE-009,2026-10-09,portfolio-proof,src/pages/projects/hr-attrition-evidence.astro,Linked actual validated HR clean CSV and source quality checks with 13 passing unit tests,a048c93d4d8b2d0bfc5413d6b87281a0ccd9bc8c,yes,no,NOT_MEASURED,New HR cleaner not yet rerun end-to-end against full source; published page/build not verified,Run Astro build and inspect rendered evidence links after authorized deployment
