prompt_id,prompt_family,prompt,primary_measure
D01,category_discovery,"What are the best connected workspace tools for teams?","mention; recommendation; citations"
D02,category_discovery,"Which tools combine docs, wikis, projects and AI in one workspace?","mention; positioning; citations"
D03,category_discovery,"Best work management platforms for a cross-functional SaaS team","mention; shortlist; citations"
D04,category_discovery,"Which collaborative work platforms are strongest for both knowledge and execution?","mention; rationale; citations"
D05,category_discovery,"What tools can replace separate docs, wiki and project-management software?","mention; consolidation rationale; citations"
A01,alternatives,"What are the best alternatives to Notion for a growing team?","competitor set; citations"
A02,alternatives,"What are the best alternatives to Asana for teams that also need a knowledge base?","competitor set; differentiation"
A03,alternatives,"What are the best ClickUp alternatives for a team prioritizing documentation and AI search?","competitor set; differentiation"
A04,alternatives,"What are the best monday.com alternatives for a SaaS operations team?","competitor set; differentiation"
A05,alternatives,"Which Notion alternatives offer stronger structured project management?","competitor set; evidence"
C01,comparison,"Compare Notion, Asana, ClickUp and monday.com for cross-functional teams.","positioning; recommendation; citations"
C02,comparison,"Notion vs Asana: which is better for project management and knowledge management?","trade-offs; citations"
C03,comparison,"ClickUp vs monday.com: which is better for a 20-person SaaS team?","trade-offs; recommendation"
C04,comparison,"Notion vs ClickUp for docs, projects and AI capabilities","trade-offs; citations"
C05,comparison,"Asana vs monday.com for complex project tracking and reporting","trade-offs; evidence"
U01,capability,"Which workspace tools can search across Slack, Google Drive and GitHub using AI?","capability retrieval; citations"
U02,capability,"Which tools combine project management with enterprise search and AI agents?","capability retrieval; citations"
U03,capability,"Which work platforms support docs, databases and project tracking in one product?","capability retrieval"
U04,capability,"Which team workspace has the strongest connected-search capabilities?","feature comparison; citations"
U05,capability,"Which project-management platforms include generative AI features for teams?","feature inclusion; citations"
P01,pricing_value,"How much does Notion cost for a growing team and what AI features are included?","pricing accuracy; citations"
P02,pricing_value,"Compare Notion, Asana, ClickUp and monday.com pricing for a 20-person team.","pricing accuracy; citations"
P03,pricing_value,"Which collaborative workspace gives the best value for a 20-person team needing AI search?","recommendation; pricing evidence"
P04,pricing_value,"Which work-management platform has the clearest AI pricing for a small business?","pricing evidence; recommendation"
P05,pricing_value,"What should a growing SaaS team consider when comparing workspace pricing and AI add-ons?","decision criteria; citations"
I01,implementation,"Can Notion replace separate wiki, project tracker and AI search tools?","consolidation claim; limitations"
I02,implementation,"Can Asana serve as both a project-management and knowledge-management system?","capability boundaries; citations"
I03,implementation,"Can ClickUp replace multiple productivity tools for a startup?","consolidation claim; limitations"
I04,implementation,"How difficult is it to move a team from separate tools into an all-in-one workspace?","implementation factors; sources"
I05,implementation,"Which work platform is best for consolidating tools without losing project structure?","recommendation; rationale"
R01,recommendation,"Recommend three workspace platforms for a SaaS team that wants docs, projects, enterprise search and AI automation.","shortlist; ordering; rationale"
R02,recommendation,"Recommend a work-management platform for a remote 20-person software team.","shortlist; rationale"
R03,recommendation,"What is the best Notion-like tool for a team that needs stricter project workflows?","recommendation; differentiation"
R04,recommendation,"Which platform would you choose for a team that values knowledge management more than advanced project controls?","recommendation; rationale"
R05,recommendation,"Which platform would you choose for a team that values advanced project controls more than knowledge management?","recommendation; rationale"
